{"classification_report": {"0": {"precision": 0.9975423265974878, "recall": 0.9991794310722101, "f1-score": 0.9983602077070238, "support": 3656.0}, "1": {"precision": 0.9973958333333334, "recall": 0.9896640826873385, "f1-score": 0.993514915693904, "support": 387.0}, "2": {"precision": 1.0, "recall": 1.0, "f1-score": 1.0, "support": 14.0}, "3": {"precision": 0.9983633387888707, "recall": 0.9967320261437909, "f1-score": 0.9975470155355682, "support": 612.0}, "4": {"precision": 1.0, "recall": 0.625, "f1-score": 0.7692307692307693, "support": 8.0}, "5": {"precision": 0.9871794871794872, "recall": 1.0, "f1-score": 0.9935483870967742, "support": 231.0}, "6": {"precision": 1.0, "recall": 0.995575221238938, "f1-score": 0.9977827050997783, "support": 452.0}, "accuracy": 0.9973880597014926, "macro avg": {"precision": 0.9972115694141684, "recall": 0.9437358230203253, "f1-score": 0.9642834286234025, "support": 5360.0}, "weighted avg": {"precision": 0.9973962235853855, "recall": 0.9973880597014926, "f1-score": 0.9973237446896432, "support": 5360.0}}, "accuracy": 0.9973880597014926, "precision": 0.9973962235853855, "recall": 0.9973880597014926, "avg_f1": 0.9973237446896432, "f1_per_class": [0.9983602077070238, 0.993514915693904, 1.0, 0.9975470155355682, 0.7692307692307693, 0.9935483870967742, 0.9977827050997783]}