{"classification_report": {"0": {"precision": 0.9978142076502732, "recall": 0.9989059080962801, "f1-score": 0.9983597594313832, "support": 3656.0}, "1": {"precision": 0.9948051948051948, "recall": 0.9896640826873385, "f1-score": 0.9922279792746114, "support": 387.0}, "2": {"precision": 1.0, "recall": 1.0, "f1-score": 1.0, "support": 14.0}, "3": {"precision": 1.0, "recall": 0.9967320261437909, "f1-score": 0.9983633387888707, "support": 612.0}, "4": {"precision": 1.0, "recall": 0.75, "f1-score": 0.8571428571428571, "support": 8.0}, "5": {"precision": 0.9871794871794872, "recall": 1.0, "f1-score": 0.9935483870967742, "support": 231.0}, "6": {"precision": 1.0, "recall": 0.9977876106194691, "f1-score": 0.9988925802879292, "support": 452.0}, "accuracy": 0.9975746268656717, "macro avg": {"precision": 0.9971141270907078, "recall": 0.9618699467924113, "f1-score": 0.9769335574317751, "support": 5360.0}, "weighted avg": {"precision": 0.9975814953540058, "recall": 0.9975746268656717, "f1-score": 0.9975485332772096, "support": 5360.0}}, "accuracy": 0.9975746268656717, "precision": 0.9975814953540058, "recall": 0.9975746268656717, "avg_f1": 0.9975485332772096, "f1_per_class": [0.9983597594313832, 0.9922279792746114, 1.0, 0.9983633387888707, 0.8571428571428571, 0.9935483870967742, 0.9988925802879292]}