{"classification_report": {"0": {"precision": 0.9975416552854411, "recall": 0.9989059080962801, "f1-score": 0.998223315566489, "support": 3656.0}, "1": {"precision": 0.9948186528497409, "recall": 0.9922480620155039, "f1-score": 0.9935316946959897, "support": 387.0}, "2": {"precision": 1.0, "recall": 1.0, "f1-score": 1.0, "support": 14.0}, "3": {"precision": 1.0, "recall": 0.9950980392156863, "f1-score": 0.9975429975429976, "support": 612.0}, "4": {"precision": 1.0, "recall": 0.75, "f1-score": 0.8571428571428571, "support": 8.0}, "5": {"precision": 0.9871794871794872, "recall": 1.0, "f1-score": 0.9935483870967742, "support": 231.0}, "6": {"precision": 1.0, "recall": 0.995575221238938, "f1-score": 0.9977827050997783, "support": 452.0}, "accuracy": 0.9973880597014926, "macro avg": {"precision": 0.9970771136163813, "recall": 0.9616896043666298, "f1-score": 0.9768245653064123, "support": 5360.0}, "weighted avg": {"precision": 0.9973965619244186, "recall": 0.9973880597014926, "f1-score": 0.9973623367605119, "support": 5360.0}}, "accuracy": 0.9973880597014926, "precision": 0.9973965619244186, "recall": 0.9973880597014926, "avg_f1": 0.9973623367605119, "f1_per_class": [0.998223315566489, 0.9935316946959897, 1.0, 0.9975429975429976, 0.8571428571428571, 0.9935483870967742, 0.9977827050997783]}