{"classification_report": {"0": {"precision": 0.9972692517749864, "recall": 0.9989059080962801, "f1-score": 0.9980869089915277, "support": 3656.0}, "1": {"precision": 0.9948051948051948, "recall": 0.9896640826873385, "f1-score": 0.9922279792746114, "support": 387.0}, "2": {"precision": 1.0, "recall": 1.0, "f1-score": 1.0, "support": 14.0}, "3": {"precision": 1.0, "recall": 0.9950980392156863, "f1-score": 0.9975429975429976, "support": 612.0}, "4": {"precision": 1.0, "recall": 0.75, "f1-score": 0.8571428571428571, "support": 8.0}, "5": {"precision": 0.9871794871794872, "recall": 1.0, "f1-score": 0.9935483870967742, "support": 231.0}, "6": {"precision": 1.0, "recall": 0.995575221238938, "f1-score": 0.9977827050997783, "support": 452.0}, "accuracy": 0.9972014925373134, "macro avg": {"precision": 0.9970362762513812, "recall": 0.9613204644626061, "f1-score": 0.9766188335926494, "support": 5360.0}, "weighted avg": {"precision": 0.9972097866450415, "recall": 0.9972014925373134, "f1-score": 0.9971751650616066, "support": 5360.0}}, "accuracy": 0.9972014925373134, "precision": 0.9972097866450415, "recall": 0.9972014925373134, "avg_f1": 0.9971751650616066, "f1_per_class": [0.9980869089915277, 0.9922279792746114, 1.0, 0.9975429975429976, 0.8571428571428571, 0.9935483870967742, 0.9977827050997783]}