{"classification_report": {"0": {"precision": 0.9975409836065574, "recall": 0.9986323851203501, "f1-score": 0.9980863860032805, "support": 3656.0}, "1": {"precision": 0.9922279792746114, "recall": 0.9896640826873385, "f1-score": 0.9909443725743855, "support": 387.0}, "2": {"precision": 1.0, "recall": 1.0, "f1-score": 1.0, "support": 14.0}, "3": {"precision": 1.0, "recall": 0.9967320261437909, "f1-score": 0.9983633387888707, "support": 612.0}, "4": {"precision": 1.0, "recall": 0.75, "f1-score": 0.8571428571428571, "support": 8.0}, "5": {"precision": 0.9871794871794872, "recall": 1.0, "f1-score": 0.9935483870967742, "support": 231.0}, "6": {"precision": 1.0, "recall": 0.995575221238938, "f1-score": 0.9977827050997783, "support": 452.0}, "accuracy": 0.9972014925373134, "macro avg": {"precision": 0.9967069214372365, "recall": 0.961514816455774, "f1-score": 0.9765525781008495, "support": 5360.0}, "weighted avg": {"precision": 0.9972090532804683, "recall": 0.9972014925373134, "f1-score": 0.9971757958460199, "support": 5360.0}}, "accuracy": 0.9972014925373134, "precision": 0.9972090532804683, "recall": 0.9972014925373134, "avg_f1": 0.9971757958460199, "f1_per_class": [0.9980863860032805, 0.9909443725743855, 1.0, 0.9983633387888707, 0.8571428571428571, 0.9935483870967742, 0.9977827050997783]}