{"classification_report": {"0": {"precision": 0.9975416552854411, "recall": 0.9989059080962801, "f1-score": 0.998223315566489, "support": 3656.0}, "1": {"precision": 0.9948051948051948, "recall": 0.9896640826873385, "f1-score": 0.9922279792746114, "support": 387.0}, "2": {"precision": 1.0, "recall": 1.0, "f1-score": 1.0, "support": 14.0}, "3": {"precision": 0.9983633387888707, "recall": 0.9967320261437909, "f1-score": 0.9975470155355682, "support": 612.0}, "4": {"precision": 1.0, "recall": 0.625, "f1-score": 0.7692307692307693, "support": 8.0}, "5": {"precision": 0.9871794871794872, "recall": 1.0, "f1-score": 0.9935483870967742, "support": 231.0}, "6": {"precision": 1.0, "recall": 0.995575221238938, "f1-score": 0.9977827050997783, "support": 452.0}, "accuracy": 0.9972014925373134, "macro avg": {"precision": 0.996841382294142, "recall": 0.9436967483094783, "f1-score": 0.9640800245434271, "support": 5360.0}, "weighted avg": {"precision": 0.9972087177220958, "recall": 0.9972014925373134, "f1-score": 0.9971374532605274, "support": 5360.0}}, "accuracy": 0.9972014925373134, "precision": 0.9972087177220958, "recall": 0.9972014925373134, "avg_f1": 0.9971374532605274, "f1_per_class": [0.998223315566489, 0.9922279792746114, 1.0, 0.9975470155355682, 0.7692307692307693, 0.9935483870967742, 0.9977827050997783]}