{"classification_report": {"0": {"precision": 0.996996176952485, "recall": 0.9986323851203501, "f1-score": 0.9978136102760317, "support": 3656.0}, "1": {"precision": 0.9922480620155039, "recall": 0.9922480620155039, "f1-score": 0.9922480620155039, "support": 387.0}, "2": {"precision": 1.0, "recall": 1.0, "f1-score": 1.0, "support": 14.0}, "3": {"precision": 1.0, "recall": 0.9934640522875817, "f1-score": 0.9967213114754099, "support": 612.0}, "4": {"precision": 1.0, "recall": 0.625, "f1-score": 0.7692307692307693, "support": 8.0}, "5": {"precision": 0.9871794871794872, "recall": 1.0, "f1-score": 0.9935483870967742, "support": 231.0}, "6": {"precision": 1.0, "recall": 0.995575221238938, "f1-score": 0.9977827050997783, "support": 452.0}, "accuracy": 0.9968283582089552, "macro avg": {"precision": 0.9966319608782108, "recall": 0.9435599600946248, "f1-score": 0.963906406456324, "support": 5360.0}, "weighted avg": {"precision": 0.996838896357602, "recall": 0.9968283582089552, "f1-score": 0.9967651694161238, "support": 5360.0}}, "accuracy": 0.9968283582089552, "precision": 0.996838896357602, "recall": 0.9968283582089552, "avg_f1": 0.9967651694161238, "f1_per_class": [0.9978136102760317, 0.9922480620155039, 1.0, 0.9967213114754099, 0.7692307692307693, 0.9935483870967742, 0.9977827050997783]}