{"classification_report": {"0": {"precision": 0.9978148046981699, "recall": 0.9991794310722101, "f1-score": 0.998496651633183, "support": 3656.0}, "1": {"precision": 0.9974025974025974, "recall": 0.9922480620155039, "f1-score": 0.9948186528497409, "support": 387.0}, "2": {"precision": 1.0, "recall": 1.0, "f1-score": 1.0, "support": 14.0}, "3": {"precision": 1.0, "recall": 0.9967320261437909, "f1-score": 0.9983633387888707, "support": 612.0}, "4": {"precision": 1.0, "recall": 0.75, "f1-score": 0.8571428571428571, "support": 8.0}, "5": {"precision": 0.9871794871794872, "recall": 1.0, "f1-score": 0.9935483870967742, "support": 231.0}, "6": {"precision": 1.0, "recall": 0.995575221238938, "f1-score": 0.9977827050997783, "support": 452.0}, "accuracy": 0.9977611940298508, "macro avg": {"precision": 0.9974852698971792, "recall": 0.9619621057814919, "f1-score": 0.977164656087315, "support": 5360.0}, "weighted avg": {"precision": 0.9977694389383911, "recall": 0.9977611940298508, "f1-score": 0.9977353625642079, "support": 5360.0}}, "accuracy": 0.9977611940298508, "precision": 0.9977694389383911, "recall": 0.9977611940298508, "avg_f1": 0.9977353625642079, "f1_per_class": [0.998496651633183, 0.9948186528497409, 1.0, 0.9983633387888707, 0.8571428571428571, 0.9935483870967742, 0.9977827050997783]}