{"classification_report": {"0": {"precision": 0.996996176952485, "recall": 0.9986323851203501, "f1-score": 0.9978136102760317, "support": 3656.0}, "1": {"precision": 0.9922279792746114, "recall": 0.9896640826873385, "f1-score": 0.9909443725743855, "support": 387.0}, "2": {"precision": 1.0, "recall": 1.0, "f1-score": 1.0, "support": 14.0}, "3": {"precision": 1.0, "recall": 0.9934640522875817, "f1-score": 0.9967213114754099, "support": 612.0}, "4": {"precision": 1.0, "recall": 0.75, "f1-score": 0.8571428571428571, "support": 8.0}, "5": {"precision": 0.9871794871794872, "recall": 1.0, "f1-score": 0.9935483870967742, "support": 231.0}, "6": {"precision": 1.0, "recall": 0.995575221238938, "f1-score": 0.9977827050997783, "support": 452.0}, "accuracy": 0.9968283582089552, "macro avg": {"precision": 0.9966290919152262, "recall": 0.9610479630477441, "f1-score": 0.9762790348093195, "support": 5360.0}, "weighted avg": {"precision": 0.9968374463537353, "recall": 0.9968283582089552, "f1-score": 0.9968022531641806, "support": 5360.0}}, "accuracy": 0.9968283582089552, "precision": 0.9968374463537353, "recall": 0.9968283582089552, "avg_f1": 0.9968022531641806, "f1_per_class": [0.9978136102760317, 0.9909443725743855, 1.0, 0.9967213114754099, 0.8571428571428571, 0.9935483870967742, 0.9977827050997783]}