{"classification_report": {"0": {"precision": 0.9978136102760317, "recall": 0.9986323851203501, "f1-score": 0.9982228298017771, "support": 3656.0}, "1": {"precision": 0.9922480620155039, "recall": 0.9922480620155039, "f1-score": 0.9922480620155039, "support": 387.0}, "2": {"precision": 1.0, "recall": 1.0, "f1-score": 1.0, "support": 14.0}, "3": {"precision": 1.0, "recall": 0.9950980392156863, "f1-score": 0.9975429975429976, "support": 612.0}, "4": {"precision": 1.0, "recall": 0.75, "f1-score": 0.8571428571428571, "support": 8.0}, "5": {"precision": 0.9871794871794872, "recall": 1.0, "f1-score": 0.9935483870967742, "support": 231.0}, "6": {"precision": 1.0, "recall": 0.9977876106194691, "f1-score": 0.9988925802879292, "support": 452.0}, "accuracy": 0.9973880597014926, "macro avg": {"precision": 0.996748737067289, "recall": 0.9619665852815728, "f1-score": 0.9767996734125485, "support": 5360.0}, "weighted avg": {"precision": 0.9973964590872451, "recall": 0.9973880597014926, "f1-score": 0.9973629191825102, "support": 5360.0}}, "accuracy": 0.9973880597014926, "precision": 0.9973964590872451, "recall": 0.9973880597014926, "avg_f1": 0.9973629191825102, "f1_per_class": [0.9982228298017771, 0.9922480620155039, 1.0, 0.9975429975429976, 0.8571428571428571, 0.9935483870967742, 0.9988925802879292]}