{"classification_report": {"0": {"precision": 0.9978142076502732, "recall": 0.9989059080962801, "f1-score": 0.9983597594313832, "support": 3656.0}, "1": {"precision": 0.9948186528497409, "recall": 0.9922480620155039, "f1-score": 0.9935316946959897, "support": 387.0}, "2": {"precision": 1.0, "recall": 1.0, "f1-score": 1.0, "support": 14.0}, "3": {"precision": 0.9983633387888707, "recall": 0.9967320261437909, "f1-score": 0.9975470155355682, "support": 612.0}, "4": {"precision": 1.0, "recall": 0.625, "f1-score": 0.7692307692307693, "support": 8.0}, "5": {"precision": 0.9871794871794872, "recall": 1.0, "f1-score": 0.9935483870967742, "support": 231.0}, "6": {"precision": 1.0, "recall": 0.995575221238938, "f1-score": 0.9977827050997783, "support": 452.0}, "accuracy": 0.9973880597014926, "macro avg": {"precision": 0.9968822409240532, "recall": 0.9440658882135018, "f1-score": 0.9642857615843232, "support": 5360.0}, "weighted avg": {"precision": 0.9973955945334887, "recall": 0.9973880597014926, "f1-score": 0.997324650394506, "support": 5360.0}}, "accuracy": 0.9973880597014926, "precision": 0.9973955945334887, "recall": 0.9973880597014926, "avg_f1": 0.997324650394506, "f1_per_class": [0.9983597594313832, 0.9935316946959897, 1.0, 0.9975470155355682, 0.7692307692307693, 0.9935483870967742, 0.9977827050997783]}