{"classification_report": {"0": {"precision": 0.9964451736395953, "recall": 0.9967177242888403, "f1-score": 0.9965814303295502, "support": 3656.0}, "1": {"precision": 0.9948051948051948, "recall": 0.9896640826873385, "f1-score": 0.9922279792746114, "support": 387.0}, "2": {"precision": 1.0, "recall": 1.0, "f1-score": 1.0, "support": 14.0}, "3": {"precision": 0.9870550161812298, "recall": 0.9967320261437909, "f1-score": 0.991869918699187, "support": 612.0}, "4": {"precision": 1.0, "recall": 0.75, "f1-score": 0.8571428571428571, "support": 8.0}, "5": {"precision": 0.9870689655172413, "recall": 0.9913419913419913, "f1-score": 0.9892008639308856, "support": 231.0}, "6": {"precision": 1.0, "recall": 0.9911504424778761, "f1-score": 0.9955555555555555, "support": 452.0}, "accuracy": 0.9951492537313433, "macro avg": {"precision": 0.9950534785918945, "recall": 0.9593723238485481, "f1-score": 0.9746540864189495, "support": 5360.0}, "weighted avg": {"precision": 0.9951648817450309, "recall": 0.9951492537313433, "f1-score": 0.9951253695978175, "support": 5360.0}}, "accuracy": 0.9951492537313433, "precision": 0.9951648817450309, "recall": 0.9951492537313433, "avg_f1": 0.9951253695978175, "f1_per_class": [0.9965814303295502, 0.9922279792746114, 1.0, 0.991869918699187, 0.8571428571428571, 0.9892008639308856, 0.9955555555555555]}