{"classification_report": {"0": {"precision": 0.9934569247546347, "recall": 0.9967177242888403, "f1-score": 0.9950846531949754, "support": 3656.0}, "1": {"precision": 0.9973958333333334, "recall": 0.9896640826873385, "f1-score": 0.993514915693904, "support": 387.0}, "2": {"precision": 1.0, "recall": 1.0, "f1-score": 1.0, "support": 14.0}, "3": {"precision": 0.9868852459016394, "recall": 0.9836601307189542, "f1-score": 0.9852700490998363, "support": 612.0}, "4": {"precision": 1.0, "recall": 0.625, "f1-score": 0.7692307692307693, "support": 8.0}, "5": {"precision": 0.9870689655172413, "recall": 0.9913419913419913, "f1-score": 0.9892008639308856, "support": 231.0}, "6": {"precision": 1.0, "recall": 0.9889380530973452, "f1-score": 0.9944382647385984, "support": 452.0}, "accuracy": 0.9932835820895523, "macro avg": {"precision": 0.9949724242152641, "recall": 0.9393317117334956, "f1-score": 0.9609627879841385, "support": 5360.0}, "weighted avg": {"precision": 0.9932942921509758, "recall": 0.9932835820895523, "f1-score": 0.9932183537102981, "support": 5360.0}}, "accuracy": 0.9932835820895523, "precision": 0.9932942921509758, "recall": 0.9932835820895523, "avg_f1": 0.9932183537102981, "f1_per_class": [0.9950846531949754, 0.993514915693904, 1.0, 0.9852700490998363, 0.7692307692307693, 0.9892008639308856, 0.9944382647385984]}