{"classification_report": {"0": {"precision": 0.9975423265974878, "recall": 0.9991794310722101, "f1-score": 0.9983602077070238, "support": 3656.0}, "1": {"precision": 0.9974025974025974, "recall": 0.9922480620155039, "f1-score": 0.9948186528497409, "support": 387.0}, "2": {"precision": 1.0, "recall": 1.0, "f1-score": 1.0, "support": 14.0}, "3": {"precision": 1.0, "recall": 0.9967320261437909, "f1-score": 0.9983633387888707, "support": 612.0}, "4": {"precision": 1.0, "recall": 0.75, "f1-score": 0.8571428571428571, "support": 8.0}, "5": {"precision": 0.9871794871794872, "recall": 1.0, "f1-score": 0.9935483870967742, "support": 231.0}, "6": {"precision": 1.0, "recall": 0.9933628318584071, "f1-score": 0.9966703662597114, "support": 452.0}, "accuracy": 0.9975746268656717, "macro avg": {"precision": 0.9974463444542246, "recall": 0.9616460501557018, "f1-score": 0.9769862585492826, "support": 5360.0}, "weighted avg": {"precision": 0.9975835844727018, "recall": 0.9975746268656717, "f1-score": 0.9975484938795531, "support": 5360.0}}, "accuracy": 0.9975746268656717, "precision": 0.9975835844727018, "recall": 0.9975746268656717, "avg_f1": 0.9975484938795531, "f1_per_class": [0.9983602077070238, 0.9948186528497409, 1.0, 0.9983633387888707, 0.8571428571428571, 0.9935483870967742, 0.9966703662597114]}