{"classification_report": {"0": {"precision": 0.9978148046981699, "recall": 0.9991794310722101, "f1-score": 0.998496651633183, "support": 3656.0}, "1": {"precision": 0.9973958333333334, "recall": 0.9896640826873385, "f1-score": 0.993514915693904, "support": 387.0}, "2": {"precision": 1.0, "recall": 1.0, "f1-score": 1.0, "support": 14.0}, "3": {"precision": 0.9983633387888707, "recall": 0.9967320261437909, "f1-score": 0.9975470155355682, "support": 612.0}, "4": {"precision": 1.0, "recall": 0.75, "f1-score": 0.8571428571428571, "support": 8.0}, "5": {"precision": 0.9871794871794872, "recall": 1.0, "f1-score": 0.9935483870967742, "support": 231.0}, "6": {"precision": 1.0, "recall": 0.995575221238938, "f1-score": 0.9977827050997783, "support": 452.0}, "accuracy": 0.9975746268656717, "macro avg": {"precision": 0.9972504948571229, "recall": 0.9615929658774682, "f1-score": 0.9768617903145806, "support": 5360.0}, "weighted avg": {"precision": 0.9975820780510746, "recall": 0.9975746268656717, "f1-score": 0.9975480237376537, "support": 5360.0}}, "accuracy": 0.9975746268656717, "precision": 0.9975820780510746, "recall": 0.9975746268656717, "avg_f1": 0.9975480237376537, "f1_per_class": [0.998496651633183, 0.993514915693904, 1.0, 0.9975470155355682, 0.8571428571428571, 0.9935483870967742, 0.9977827050997783]}